sivigila_code,department,municipality,zika_confirmed_laboratory,zika_confirmed_clinic,zika_suspected,zika_total
05000,ANTIOQUIA,* ANTIOQUIA. MUNICIPIO DESCONOCIDO,3,0,6,9
05001,ANTIOQUIA,MEDELLIN,43,144,0,187
05002,ANTIOQUIA,ABEJORRAL,0,0,2,2
05004,ANTIOQUIA,ABRIAQUI,0,0,0,0
05021,ANTIOQUIA,ALEJANDRIA,0,0,0,0
05030,ANTIOQUIA,AMAGA,0,0,1,1
05031,ANTIOQUIA,AMALFI,0,0,0,0
05034,ANTIOQUIA,ANDES,0,0,0,0
05036,ANTIOQUIA,ANGELOPOLIS,0,0,2,2
05038,ANTIOQUIA,ANGOSTURA,0,0,0,0
05040,ANTIOQUIA,ANORI,0,0,0,0
05042,ANTIOQUIA,SANTAFE DE ANTIOQUIA,0,0,13,13
05044,ANTIOQUIA,ANZA,0,0,0,0
05045,ANTIOQUIA,APARTADO,3,179,0,182
05051,ANTIOQUIA,ARBOLETES,2,11,0,13
05055,ANTIOQUIA,ARGELIA,0,0,0,0
05059,ANTIOQUIA,ARMENIA,0,0,2,2
05079,ANTIOQUIA,BARBOSA,0,0,2,2
05086,ANTIOQUIA,BELMIRA,0,0,0,0
05088,ANTIOQUIA,BELLO,6,16,0,22
05091,ANTIOQUIA,BETANIA,0,0,0,0
05093,ANTIOQUIA,BETULIA,0,0,0,0
05101,ANTIOQUIA,CIUDAD BOLIVAR,3,4,0,7
05107,ANTIOQUIA,BRICEÑO,0,0,0,0
05113,ANTIOQUIA,BURITICA,0,0,0,0
05120,ANTIOQUIA,CACERES,0,0,44,44
05125,ANTIOQUIA,CAICEDO,0,0,0,0
05129,ANTIOQUIA,CALDAS,1,2,0,3
05134,ANTIOQUIA,CAMPAMENTO,0,0,0,0
05138,ANTIOQUIA,CAÑASGORDAS,2,0,0,2
05142,ANTIOQUIA,CARACOLI,0,0,1,1
05145,ANTIOQUIA,CARAMANTA,0,0,0,0
05147,ANTIOQUIA,CAREPA,0,0,51,51
05148,ANTIOQUIA,EL CARMEN DE VIBORAL,0,0,2,2
05150,ANTIOQUIA,CAROLINA,0,0,0,0
05154,ANTIOQUIA,CAUCASIA,4,54,0,58
05172,ANTIOQUIA,CHIGORODO,1,111,0,112
05190,ANTIOQUIA,CISNEROS,0,0,0,0
05197,ANTIOQUIA,COCORNA,0,0,0,0
05206,ANTIOQUIA,CONCEPCION,0,0,0,0
05209,ANTIOQUIA,CONCORDIA,0,0,0,0
05212,ANTIOQUIA,COPACABANA,0,0,1,1
05234,ANTIOQUIA,DABEIBA,0,0,3,3
05237,ANTIOQUIA,DON MATIAS,0,0,0,0
05240,ANTIOQUIA,EBEJICO,0,0,3,3
05250,ANTIOQUIA,EL BAGRE,1,1,0,2
05264,ANTIOQUIA,ENTRERRIOS,0,0,0,0
05266,ANTIOQUIA,ENVIGADO,0,0,8,8
05282,ANTIOQUIA,FREDONIA,0,0,2,2
05284,ANTIOQUIA,FRONTINO,0,0,0,0
05306,ANTIOQUIA,GIRALDO,0,0,0,0
05308,ANTIOQUIA,GIRARDOTA,1,0,0,1
05310,ANTIOQUIA,GOMEZ PLATA,0,0,0,0
05313,ANTIOQUIA,GRANADA,0,0,2,2
05315,ANTIOQUIA,GUADALUPE,0,0,0,0
05318,ANTIOQUIA,GUARNE,0,0,0,0
05321,ANTIOQUIA,GUATAPE,0,0,3,3
05347,ANTIOQUIA,HELICONIA,0,0,0,0
05353,ANTIOQUIA,HISPANIA,1,0,0,1
05360,ANTIOQUIA,ITAGUI,4,16,0,20
05361,ANTIOQUIA,ITUANGO,0,0,1,1
05364,ANTIOQUIA,JARDIN,0,0,0,0
05368,ANTIOQUIA,JERICO,0,0,0,0
05376,ANTIOQUIA,LA CEJA,0,0,0,0
05380,ANTIOQUIA,LA ESTRELLA,0,0,2,2
05390,ANTIOQUIA,LA PINTADA,0,0,1,1
05400,ANTIOQUIA,LA UNION,0,0,1,1
05411,ANTIOQUIA,LIBORINA,0,0,1,1
05425,ANTIOQUIA,MACEO,3,0,0,3
05440,ANTIOQUIA,MARINILLA,0,0,0,0
05467,ANTIOQUIA,MONTEBELLO,0,0,0,0
05475,ANTIOQUIA,MURINDO,0,0,0,0
05480,ANTIOQUIA,MUTATA,1,18,0,19
05483,ANTIOQUIA,NARIÑO,0,0,3,3
05490,ANTIOQUIA,NECOCLI,1,22,0,23
05495,ANTIOQUIA,NECHI,0,0,17,17
05501,ANTIOQUIA,OLAYA,0,0,2,2
05541,ANTIOQUIA,PEÐOL,0,0,0,0
05543,ANTIOQUIA,PEQUE,0,0,0,0
05576,ANTIOQUIA,PUEBLORRICO,0,0,0,0
05579,ANTIOQUIA,PUERTO BERRIO,0,0,45,45
05585,ANTIOQUIA,PUERTO NARE,1,2,0,3
05591,ANTIOQUIA,PUERTO TRIUNFO,1,24,0,25
05604,ANTIOQUIA,REMEDIOS,0,0,0,0
05607,ANTIOQUIA,RETIRO,0,0,0,0
05615,ANTIOQUIA,RIONEGRO,1,1,0,2
05628,ANTIOQUIA,SABANALARGA,0,0,2,2
05631,ANTIOQUIA,SABANETA,0,0,3,3
05642,ANTIOQUIA,SALGAR,0,0,1,1
05647,ANTIOQUIA,SAN ANDRES DE CUERQUIA,0,0,3,3
05649,ANTIOQUIA,SAN CARLOS,1,0,0,1
05652,ANTIOQUIA,SAN FRANCISCO,0,0,1,1
05656,ANTIOQUIA,SAN JERONIMO,0,0,1,1
05658,ANTIOQUIA,SAN JOSE DE LA MONTAÑA,0,0,0,0
05659,ANTIOQUIA,SAN JUAN DE URABA,0,0,7,7
05660,ANTIOQUIA,SAN LUIS,3,1,0,4
05664,ANTIOQUIA,SAN PEDRO,0,0,2,2
05665,ANTIOQUIA,SAN PEDRO DE URABA,0,0,10,10
05667,ANTIOQUIA,SAN RAFAEL,0,0,1,1
05670,ANTIOQUIA,SAN ROQUE,0,0,3,3
05674,ANTIOQUIA,SAN VICENTE,0,0,0,0
05679,ANTIOQUIA,SANTA BARBARA,0,0,0,0
05686,ANTIOQUIA,SANTA ROSA DE OSOS,0,0,0,0
05690,ANTIOQUIA,SANTO DOMINGO,0,0,0,0
05697,ANTIOQUIA,EL SANTUARIO,0,0,0,0
05736,ANTIOQUIA,SEGOVIA,0,0,0,0
05756,ANTIOQUIA,SONSON,0,0,0,0
05761,ANTIOQUIA,SOPETRAN,0,0,7,7
05789,ANTIOQUIA,TAMESIS,0,0,0,0
05790,ANTIOQUIA,TARAZA,1,6,0,7
05792,ANTIOQUIA,TARSO,0,0,0,0
05809,ANTIOQUIA,TITIRIBI,0,0,0,0
05819,ANTIOQUIA,TOLEDO,0,0,1,1
05837,ANTIOQUIA,TURBO,1,189,0,190
05842,ANTIOQUIA,URAMITA,1,0,0,1
05847,ANTIOQUIA,URRAO,0,0,0,0
05854,ANTIOQUIA,VALDIVIA,0,0,0,0
05856,ANTIOQUIA,VALPARAISO,5,0,0,5
05858,ANTIOQUIA,VEGACHI,0,0,1,1
05861,ANTIOQUIA,VENECIA,0,0,1,1
05873,ANTIOQUIA,VIGIA DEL FUERTE,0,0,0,0
05885,ANTIOQUIA,YALI,0,0,0,0
05887,ANTIOQUIA,YARUMAL,1,0,0,1
05890,ANTIOQUIA,YOLOMBO,0,0,0,0
05893,ANTIOQUIA,YONDO,0,0,3,3
05895,ANTIOQUIA,ZARAGOZA,0,0,20,20
09001,BARRANQUILLA,BARRANQUILLA,50,3208,0,3258
08000,ATLANTICO,* ATLANTICO. MUNICIPIO DESCONOCIDO,5,0,7,12
08078,ATLANTICO,BARANOA,1,20,0,21
08137,ATLANTICO,CAMPO DE LA CRUZ,0,0,6,6
08141,ATLANTICO,CANDELARIA,0,0,6,6
08296,ATLANTICO,GALAPA,0,0,41,41
08372,ATLANTICO,JUAN DE ACOSTA,0,0,11,11
08421,ATLANTICO,LURUACO,0,0,15,15
08433,ATLANTICO,MALAMBO,2,123,0,125
08436,ATLANTICO,MANATI,0,0,2,2
08520,ATLANTICO,PALMAR DE VARELA,0,0,19,19
08549,ATLANTICO,PIOJO,0,0,0,0
08558,ATLANTICO,POLONUEVO,0,0,11,11
08560,ATLANTICO,PONEDERA,0,0,4,4
08573,ATLANTICO,PUERTO COLOMBIA,3,165,0,168
08606,ATLANTICO,REPELON,1,12,0,13
08634,ATLANTICO,SABANAGRANDE,0,0,36,36
08638,ATLANTICO,SABANALARGA,0,0,60,60
08675,ATLANTICO,SANTA LUCIA,0,0,3,3
08685,ATLANTICO,SANTO TOMAS,1,23,0,24
08758,ATLANTICO,SOLEDAD,3,943,0,946
08770,ATLANTICO,SUAN,0,0,1,1
08832,ATLANTICO,TUBARA,2,45,0,47
08849,ATLANTICO,USIACURI,1,18,0,19
11001,DESCONOCIDO,DESCONOCIDO,0,0,60,60
14001,CARTAGENA,CARTAGENA,61,802,0,863
13000,BOLIVAR,* BOLIVAR. MUNICIPIO DESCONOCIDO,2,0,2,4
13006,BOLIVAR,ACHI,0,0,8,8
13030,BOLIVAR,ALTOS DEL ROSARIO,0,0,0,0
13042,BOLIVAR,ARENAL,0,0,36,36
13052,BOLIVAR,ARJONA,3,15,0,18
13062,BOLIVAR,ARROYOHONDO,0,0,0,0
13074,BOLIVAR,BARRANCO DE LOBA,0,0,6,6
13140,BOLIVAR,CALAMAR,0,0,1,1
13160,BOLIVAR,CANTAGALLO,0,0,3,3
13188,BOLIVAR,CICUCO,0,0,2,2
13212,BOLIVAR,CORDOBA,1,19,0,20
13222,BOLIVAR,CLEMENCIA,0,0,0,0
13244,BOLIVAR,EL CARMEN DE BOLIVAR,1,14,0,15
13248,BOLIVAR,EL GUAMO,0,0,2,2
13268,BOLIVAR,EL PEÑON,0,0,5,5
13300,BOLIVAR,HATILLO DE LOBA,0,0,0,0
13430,BOLIVAR,MAGANGUE,2,43,0,45
13433,BOLIVAR,MAHATES,0,0,34,34
13440,BOLIVAR,MARGARITA,0,0,0,0
13442,BOLIVAR,MARIA LA BAJA,2,1,0,3
13458,BOLIVAR,MONTECRISTO,0,0,20,20
13468,BOLIVAR,MOMPOS,0,0,37,37
13490,BOLIVAR,NOROSI,0,0,3,3
13473,BOLIVAR,MORALES,0,0,6,6
13549,BOLIVAR,PINILLOS,0,0,4,4
13580,BOLIVAR,REGIDOR,0,0,0,0
13600,BOLIVAR,RIO VIEJO,1,2,0,3
13620,BOLIVAR,SAN CRISTOBAL,0,0,1,1
13647,BOLIVAR,SAN ESTANISLAO,0,0,2,2
13650,BOLIVAR,SAN FERNANDO,0,0,1,1
13654,BOLIVAR,SAN JACINTO,3,22,0,25
13655,BOLIVAR,SAN JACINTO DEL CAUCA,0,0,1,1
13657,BOLIVAR,SAN JUAN NEPOMUCENO,2,47,0,49
13667,BOLIVAR,SAN MARTIN DE LOBA,0,0,1,1
13670,BOLIVAR,SAN PABLO,0,0,0,0
13673,BOLIVAR,SANTA CATALINA,0,0,1,1
13683,BOLIVAR,SANTA ROSA,3,1,0,4
13688,BOLIVAR,SANTA ROSA DEL SUR,13,18,0,31
13744,BOLIVAR,SIMITI,0,0,0,0
13760,BOLIVAR,SOPLAVIENTO,0,0,2,2
13780,BOLIVAR,TALAIGUA NUEVO,0,0,2,2
13810,BOLIVAR,TIQUISIO,0,0,0,0
13836,BOLIVAR,TURBACO,57,230,0,287
13838,BOLIVAR,TURBANA,0,0,8,8
13873,BOLIVAR,VILLANUEVA,0,0,12,12
13894,BOLIVAR,ZAMBRANO,0,0,0,0
15000,BOYACA,* BOYACA. MUNICIPIO DESCONOCIDO,0,0,0,0
15001,BOYACA,TUNJA,0,0,3,3
15022,BOYACA,ALMEIDA,0,0,0,0
15047,BOYACA,AQUITANIA,0,0,0,0
15051,BOYACA,ARCABUCO,0,0,0,0
15087,BOYACA,BELEN,0,0,0,0
15090,BOYACA,BERBEO,0,0,0,0
15092,BOYACA,BETEITIVA,0,0,1,1
15097,BOYACA,BOAVITA,0,0,0,0
15104,BOYACA,BOYACA,0,0,0,0
15106,BOYACA,BRICEÑO,0,0,0,0
15109,BOYACA,BUENAVISTA,0,0,0,0
15114,BOYACA,BUSBANZA,0,0,0,0
15131,BOYACA,CALDAS,0,0,0,0
15135,BOYACA,CAMPOHERMOSO,1,1,0,2
15162,BOYACA,CERINZA,0,0,0,0
15172,BOYACA,CHINAVITA,0,0,0,0
15176,BOYACA,CHIQUINQUIRA,0,0,1,1
15180,BOYACA,CHISCAS,0,0,0,0
15183,BOYACA,CHITA,0,0,0,0
15185,BOYACA,CHITARAQUE,2,1,0,3
15187,BOYACA,CHIVATA,0,0,0,0
15189,BOYACA,CIENEGA,0,0,0,0
15204,BOYACA,COMBITA,0,0,0,0
15212,BOYACA,COPER,0,0,0,0
15215,BOYACA,CORRALES,0,0,0,0
15218,BOYACA,COVARACHIA,0,0,0,0
15223,BOYACA,CUBARA,0,0,2,2
15224,BOYACA,CUCAITA,0,0,0,0
15226,BOYACA,CUITIVA,0,0,0,0
15232,BOYACA,CHIQUIZA,0,0,0,0
15236,BOYACA,CHIVOR,0,0,0,0
15238,BOYACA,DUITAMA,0,0,1,1
15244,BOYACA,EL COCUY,0,0,0,0
15248,BOYACA,EL ESPINO,0,0,0,0
15272,BOYACA,FIRAVITOBA,0,0,0,0
15276,BOYACA,FLORESTA,0,0,0,0
15293,BOYACA,GACHANTIVA,0,0,0,0
15296,BOYACA,GAMEZA,0,0,0,0
15299,BOYACA,GARAGOA,0,0,1,1
15317,BOYACA,GUACAMAYAS,0,0,0,0
15322,BOYACA,GUATEQUE,0,0,0,0
15325,BOYACA,GUAYATA,0,0,0,0
15332,BOYACA,GUICAN,0,0,0,0
15362,BOYACA,IZA,0,0,0,0
15367,BOYACA,JENESANO,0,0,0,0
15368,BOYACA,JERICO,0,0,0,0
15377,BOYACA,LABRANZAGRANDE,0,0,0,0
15380,BOYACA,LA CAPILLA,0,0,0,0
15401,BOYACA,LA VICTORIA,0,0,0,0
15403,BOYACA,LA UVITA,0,0,0,0
15407,BOYACA,VILLA DE LEYVA,0,0,0,0
15425,BOYACA,MACANAL,0,0,0,0
15442,BOYACA,MARIPI,0,0,0,0
15455,BOYACA,MIRAFLORES,0,0,0,0
15464,BOYACA,MONGUA,0,0,0,0
15466,BOYACA,MONGUI,0,0,0,0
15469,BOYACA,MONIQUIRA,0,0,5,5
15476,BOYACA,MOTAVITA,0,0,0,0
15480,BOYACA,MUZO,5,39,0,44
15491,BOYACA,NOBSA,0,0,0,0
15494,BOYACA,NUEVO COLON,0,0,0,0
15500,BOYACA,OICATA,0,0,0,0
15507,BOYACA,OTANCHE,1,0,0,1
15511,BOYACA,PACHAVITA,0,0,0,0
15514,BOYACA,PAEZ,0,0,1,1
15516,BOYACA,PAIPA,0,0,0,0
15518,BOYACA,PAJARITO,1,4,0,5
15522,BOYACA,PANQUEBA,0,0,0,0
15531,BOYACA,PAUNA,0,0,1,1
15533,BOYACA,PAYA,0,0,0,0
15537,BOYACA,PAZ DE RIO,0,0,0,0
15542,BOYACA,PESCA,0,0,0,0
15550,BOYACA,PISBA,0,0,0,0
15572,BOYACA,PUERTO BOYACA,12,13,0,25
15580,BOYACA,QUIPAMA,0,0,0,0
15599,BOYACA,RAMIRIQUI,0,0,0,0
15600,BOYACA,RAQUIRA,0,0,0,0
15621,BOYACA,RONDON,0,0,0,0
15632,BOYACA,SABOYA,0,0,0,0
15638,BOYACA,SACHICA,0,0,1,1
15646,BOYACA,SAMACA,0,0,0,0
15660,BOYACA,SAN EDUARDO,0,0,0,0
15664,BOYACA,SAN JOSE DE PARE,0,0,0,0
15667,BOYACA,SAN LUIS DE GACENO,1,5,0,6
15673,BOYACA,SAN MATEO,0,0,0,0
15676,BOYACA,SAN MIGUEL DE SEMA,0,0,0,0
15681,BOYACA,SAN PABLO DE BORBUR,1,0,0,1
15686,BOYACA,SANTANA,0,0,3,3
15690,BOYACA,SANTA MARIA,0,0,0,0
15693,BOYACA,SANTA ROSA DE VITERBO,0,0,0,0
15696,BOYACA,SANTA SOFIA,0,0,0,0
15720,BOYACA,SATIVANORTE,0,0,0,0
15723,BOYACA,SATIVASUR,0,0,0,0
15740,BOYACA,SIACHOQUE,0,0,0,0
15753,BOYACA,SOATA,0,0,1,1
15755,BOYACA,SOCOTA,0,0,0,0
15757,BOYACA,SOCHA,0,0,0,0
15759,BOYACA,SOGAMOSO,0,0,2,2
15761,BOYACA,SOMONDOCO,0,0,0,0
15762,BOYACA,SORA,0,0,0,0
15763,BOYACA,SOTAQUIRA,0,0,0,0
15764,BOYACA,SORACA,0,0,0,0
15774,BOYACA,SUSACON,0,0,0,0
15776,BOYACA,SUTAMARCHAN,0,0,0,0
15778,BOYACA,SUTATENZA,0,0,1,1
15790,BOYACA,TASCO,0,0,0,0
15798,BOYACA,TENZA,0,0,0,0
15804,BOYACA,TIBANA,0,0,2,2
15806,BOYACA,TIBASOSA,0,0,1,1
15808,BOYACA,TINJACA,0,0,0,0
15810,BOYACA,TIPACOQUE,1,0,0,1
15814,BOYACA,TOCA,0,0,0,0
15816,BOYACA,TOGUÍ,0,0,0,0
15820,BOYACA,TOPAGA,0,0,0,0
15822,BOYACA,TOTA,0,0,0,0
15832,BOYACA,TUNUNGUA,0,0,0,0
15835,BOYACA,TURMEQUE,0,0,0,0
15837,BOYACA,TUTA,0,0,0,0
15839,BOYACA,TUTAZA,0,0,0,0
15842,BOYACA,UMBITA,0,0,0,0
15861,BOYACA,VENTAQUEMADA,0,0,0,0
15879,BOYACA,VIRACACHA,0,0,0,0
15897,BOYACA,ZETAQUIRA,0,0,0,0
17000,CALDAS,* CALDAS. MUNICIPIO DESCONOCIDO,0,0,1,1
17001,CALDAS,MANIZALES,0,0,9,9
17013,CALDAS,AGUADAS,0,0,1,1
17042,CALDAS,ANSERMA,0,0,0,0
17050,CALDAS,ARANZAZU,0,0,0,0
17088,CALDAS,BELALCAZAR,0,0,0,0
17174,CALDAS,CHINCHINA,1,2,0,3
17272,CALDAS,FILADELFIA,0,0,1,1
17380,CALDAS,LA DORADA,1,36,0,37
17388,CALDAS,LA MERCED,0,0,0,0
17433,CALDAS,MANZANARES,0,0,4,4
17442,CALDAS,MARMATO,9,5,0,14
17444,CALDAS,MARQUETALIA,0,0,3,3
17446,CALDAS,MARULANDA,0,0,0,0
17486,CALDAS,NEIRA,0,0,1,1
17495,CALDAS,NORCASIA,0,0,4,4
17513,CALDAS,PACORA,0,0,1,1
17524,CALDAS,PALESTINA,3,7,0,10
17541,CALDAS,PENSILVANIA,2,0,0,2
17614,CALDAS,RIOSUCIO,1,1,0,2
17616,CALDAS,RISARALDA,0,0,0,0
17653,CALDAS,SALAMINA,0,0,0,0
17662,CALDAS,SAMANA,1,3,0,4
17665,CALDAS,SAN JOSE,0,0,1,1
17777,CALDAS,SUPIA,0,0,2,2
17867,CALDAS,VICTORIA,1,18,0,19
17873,CALDAS,VILLAMARIA,0,0,0,0
17877,CALDAS,VITERBO,0,0,22,22
18000,CAQUETA,* CAQUETA. MUNICIPIO DESCONOCIDO,0,0,0,0
18001,CAQUETA,FLORENCIA,11,280,0,291
18029,CAQUETA,ALBANIA,0,0,0,0
18094,CAQUETA,BELEN DE LOS ANDAQUIES,0,0,15,15
18150,CAQUETA,CARTAGENA DEL CHAIRA,0,0,5,5
18205,CAQUETA,CURILLO,1,0,0,1
18247,CAQUETA,EL DONCELLO,6,24,0,30
18256,CAQUETA,EL PAUJIL,1,23,0,24
18410,CAQUETA,LA MONTAÑITA,1,20,0,21
18460,CAQUETA,MILAN,0,0,2,2
18479,CAQUETA,MORELIA,1,6,0,7
18592,CAQUETA,PUERTO RICO,0,0,5,5
18610,CAQUETA,SAN JOSE DEL FRAGUA,2,34,0,36
18753,CAQUETA,SAN VICENTE DEL CAGUAN,1,28,0,29
18756,CAQUETA,SOLANO,0,0,1,1
18785,CAQUETA,SOLITA,0,0,1,1
18860,CAQUETA,VALPARAISO,0,0,3,3
19000,CAUCA,* CAUCA. MUNICIPIO DESCONOCIDO,0,0,1,1
19001,CAUCA,POPAYAN,1,7,0,8
19022,CAUCA,ALMAGUER,0,0,0,0
19050,CAUCA,ARGELIA,1,0,0,1
19075,CAUCA,BALBOA,1,0,0,1
19100,CAUCA,BOLIVAR,0,0,0,0
19110,CAUCA,BUENOS AIRES,0,0,0,0
19130,CAUCA,CAJIBIO,0,0,0,0
19137,CAUCA,CALDONO,0,0,0,0
19142,CAUCA,CALOTO,0,0,0,0
19212,CAUCA,CORINTO,0,0,2,2
19256,CAUCA,EL TAMBO,0,0,0,0
19290,CAUCA,FLORENCIA,0,0,0,0
19300,CAUCA,GUACHENE,0,0,0,0
19318,CAUCA,GUAPI,0,0,0,0
19355,CAUCA,INZA,0,0,0,0
19364,CAUCA,JAMBALO,0,0,1,1
19392,CAUCA,LA SIERRA,0,0,1,1
19397,CAUCA,LA VEGA,0,0,1,1
19418,CAUCA,LOPEZ,0,0,0,0
19450,CAUCA,MERCADERES,1,0,0,1
19455,CAUCA,MIRANDA,0,0,2,2
19473,CAUCA,MORALES,0,0,0,0
19513,CAUCA,PADILLA,0,0,2,2
19517,CAUCA,PAEZ,0,0,2,2
19532,CAUCA,PATIA,0,0,0,0
19533,CAUCA,PIAMONTE,0,0,0,0
19548,CAUCA,PIENDAMO,0,0,0,0
19573,CAUCA,PUERTO TEJADA,1,3,0,4
19585,CAUCA,PURACE,0,0,0,0
19622,CAUCA,ROSAS,0,0,0,0
19693,CAUCA,SAN SEBASTIAN,0,0,0,0
19698,CAUCA,SANTANDER DE QUILICHAO,1,18,0,19
19701,CAUCA,SANTA ROSA,0,0,0,0
19743,CAUCA,SILVIA,0,0,0,0
19760,CAUCA,SOTARA,0,0,0,0
19780,CAUCA,SUAREZ,0,0,0,0
19785,CAUCA,SUCRE,0,0,3,3
19807,CAUCA,TIMBIO,0,0,0,0
19809,CAUCA,TIMBIQUI,0,0,0,0
19821,CAUCA,TORIBIO,0,0,1,1
19824,CAUCA,TOTORO,0,0,0,0
19845,CAUCA,VILLA RICA,0,0,1,1
20000,CESAR,* CESAR. MUNICIPIO DESCONOCIDO,0,0,8,8
20001,CESAR,VALLEDUPAR,6,524,0,530
20011,CESAR,AGUACHICA,8,207,0,215
20013,CESAR,AGUSTIN CODAZZI,0,0,1,1
20032,CESAR,ASTREA,0,0,12,12
20045,CESAR,BECERRIL,0,0,15,15
20060,CESAR,BOSCONIA,0,0,20,20
20175,CESAR,CHIMICHAGUA,0,0,0,0
20178,CESAR,CHIRIGUANA,0,0,10,10
20228,CESAR,CURUMANI,2,38,0,40
20238,CESAR,EL COPEY,1,24,0,25
20250,CESAR,EL PASO,0,0,6,6
20295,CESAR,GAMARRA,0,0,4,4
20310,CESAR,GONZALEZ,0,0,0,0
20383,CESAR,LA GLORIA,0,0,6,6
20400,CESAR,LA JAGUA DE IBIRICO,0,0,3,3
20443,CESAR,MANAURE,0,0,11,11
20517,CESAR,PAILITAS,0,0,13,13
20550,CESAR,PELAYA,0,0,5,5
20570,CESAR,PUEBLO BELLO,0,0,4,4
20614,CESAR,RIO DE ORO,0,0,6,6
20621,CESAR,LA PAZ,0,0,10,10
20710,CESAR,SAN ALBERTO,0,0,37,37
20750,CESAR,SAN DIEGO,0,0,3,3
20770,CESAR,SAN MARTIN,0,0,13,13
20787,CESAR,TAMALAMEQUE,0,0,5,5
23000,CORDOBA,* CORDOBA. MUNICIPIO DESCONOCIDO,10,0,6,16
23001,CORDOBA,MONTERIA,41,1437,0,1478
23068,CORDOBA,AYAPEL,0,0,43,43
23079,CORDOBA,BUENAVISTA,0,0,20,20
23090,CORDOBA,CANALETE,0,0,33,33
23162,CORDOBA,CERETE,1,163,0,164
23168,CORDOBA,CHIMA,0,0,8,8
23182,CORDOBA,CHINU,0,0,11,11
23189,CORDOBA,CIENAGA DE ORO,1,5,0,6
23300,CORDOBA,COTORRA,0,0,4,4
23350,CORDOBA,LA APARTADA,0,0,74,74
23417,CORDOBA,LORICA,2,64,0,66
23419,CORDOBA,LOS CORDOBAS,0,0,1,1
23464,CORDOBA,MOMIL,0,0,68,68
23466,CORDOBA,MONTELIBANO,13,148,0,161
23500,CORDOBA,MOÑITOS,0,0,3,3
23555,CORDOBA,PLANETA RICA,0,0,32,32
23570,CORDOBA,PUEBLO NUEVO,0,0,17,17
23574,CORDOBA,PUERTO ESCONDIDO,0,0,44,44
23580,CORDOBA,PUERTO LIBERTADOR,0,0,16,16
23586,CORDOBA,PURISIMA,0,0,5,5
23660,CORDOBA,SAHAGUN,1,14,0,15
23670,CORDOBA,SAN ANDRES SOTAVENTO,0,0,9,9
23672,CORDOBA,SAN ANTERO,0,0,7,7
23675,CORDOBA,SAN BERNARDO DEL VIENTO,0,0,114,114
23678,CORDOBA,SAN CARLOS,0,0,17,17
23682,CORDOBA,SAN JOSE DE URE,0,0,16,16
23686,CORDOBA,SAN PELAYO,1,51,0,52
23807,CORDOBA,TIERRALTA,1,60,0,61
23815,CORDOBA,TUCHIN,1,12,0,13
23855,CORDOBA,VALENCIA,0,0,19,19
25000,CUNDINAMARCA,* CUNDINAMARCA. MUNICIPIO DESCONOCIDO,0,0,33,33
25001,CUNDINAMARCA,AGUA DE DIOS,3,107,0,110
25019,CUNDINAMARCA,ALBAN,0,0,0,0
25035,CUNDINAMARCA,ANAPOIMA,2,108,0,110
25040,CUNDINAMARCA,ANOLAIMA,0,0,5,5
25053,CUNDINAMARCA,ARBELAEZ,0,0,1,1
25086,CUNDINAMARCA,BELTRAN,0,0,1,1
25095,CUNDINAMARCA,BITUIMA,0,0,0,0
25099,CUNDINAMARCA,BOJACA,0,0,0,0
25120,CUNDINAMARCA,CABRERA,0,0,0,0
25123,CUNDINAMARCA,CACHIPAY,0,0,18,18
25126,CUNDINAMARCA,CAJICA,0,0,0,0
25148,CUNDINAMARCA,CAPARRAPI,0,0,6,6
25151,CUNDINAMARCA,CAQUEZA,1,1,0,2
25154,CUNDINAMARCA,CARMEN DE CARUPA,0,0,0,0
25168,CUNDINAMARCA,CHAGUANI,0,0,1,1
25175,CUNDINAMARCA,CHIA,0,0,4,4
25178,CUNDINAMARCA,CHIPAQUE,0,0,0,0
25181,CUNDINAMARCA,CHOACHI,0,0,0,0
25183,CUNDINAMARCA,CHOCONTA,0,0,0,0
25200,CUNDINAMARCA,COGUA,0,0,0,0
25214,CUNDINAMARCA,COTA,0,0,0,0
25224,CUNDINAMARCA,CUCUNUBA,0,0,0,0
25245,CUNDINAMARCA,EL COLEGIO,0,0,295,295
25258,CUNDINAMARCA,EL PEÑON,1,30,0,31
25260,CUNDINAMARCA,EL ROSAL,0,0,0,0
25269,CUNDINAMARCA,FACATATIVA,0,0,7,7
25279,CUNDINAMARCA,FOMEQUE,0,0,0,0
25281,CUNDINAMARCA,FOSCA,0,0,0,0
25286,CUNDINAMARCA,FUNZA,0,0,0,0
25288,CUNDINAMARCA,FUQUENE,0,0,0,0
25290,CUNDINAMARCA,FUSAGASUGA,1,46,0,47
25293,CUNDINAMARCA,GACHALA,0,0,1,1
25295,CUNDINAMARCA,GACHANCIPA,0,0,0,0
25297,CUNDINAMARCA,GACHETA,0,0,0,0
25299,CUNDINAMARCA,GAMA,0,0,0,0
25307,CUNDINAMARCA,GIRARDOT,37,1566,0,1603
25312,CUNDINAMARCA,GRANADA,0,0,2,2
25317,CUNDINAMARCA,GUACHETA,0,0,1,1
25320,CUNDINAMARCA,GUADUAS,2,40,0,42
25322,CUNDINAMARCA,GUASCA,0,0,0,0
25324,CUNDINAMARCA,GUATAQUI,1,2,0,3
25326,CUNDINAMARCA,GUATAVITA,0,0,0,0
25328,CUNDINAMARCA,GUAYABAL DE SIQUIMA,0,0,2,2
25335,CUNDINAMARCA,GUAYABETAL,0,0,0,0
25339,CUNDINAMARCA,GUTIERREZ,0,0,0,0
25368,CUNDINAMARCA,JERUSALEN,0,0,12,12
25372,CUNDINAMARCA,JUNIN,0,0,0,0
25377,CUNDINAMARCA,LA CALERA,0,0,1,1
25386,CUNDINAMARCA,LA MESA,1,260,0,261
25394,CUNDINAMARCA,LA PALMA,1,21,0,22
25398,CUNDINAMARCA,LA PEÑA,0,0,17,17
25402,CUNDINAMARCA,LA VEGA,2,25,0,27
25407,CUNDINAMARCA,LENGUAZAQUE,0,0,0,0
25426,CUNDINAMARCA,MACHETA,0,0,0,0
25430,CUNDINAMARCA,MADRID,0,0,2,2
25436,CUNDINAMARCA,MANTA,0,0,0,0
25438,CUNDINAMARCA,MEDINA,0,0,0,0
25473,CUNDINAMARCA,MOSQUERA,0,0,0,0
25483,CUNDINAMARCA,NARIÑO,2,15,0,17
25486,CUNDINAMARCA,NEMOCON,0,0,0,0
25488,CUNDINAMARCA,NILO,0,0,65,65
25489,CUNDINAMARCA,NIMAIMA,0,0,3,3
25491,CUNDINAMARCA,NOCAIMA,0,0,10,10
25506,CUNDINAMARCA,VENECIA,0,0,0,0
25513,CUNDINAMARCA,PACHO,1,7,0,8
25518,CUNDINAMARCA,PAIME,0,0,13,13
25524,CUNDINAMARCA,PANDI,0,0,9,9
25530,CUNDINAMARCA,PARATEBUENO,0,0,5,5
25535,CUNDINAMARCA,PASCA,0,0,0,0
25572,CUNDINAMARCA,PUERTO SALGAR,3,11,0,14
25580,CUNDINAMARCA,PULI,1,3,0,4
25592,CUNDINAMARCA,QUEBRADANEGRA,0,0,8,8
25594,CUNDINAMARCA,QUETAME,0,0,1,1
25596,CUNDINAMARCA,QUIPILE,0,0,5,5
25599,CUNDINAMARCA,APULO,1,47,0,48
25612,CUNDINAMARCA,RICAURTE,1,106,0,107
25645,CUNDINAMARCA,SAN ANTONIO DEL TEQUENDAMA,0,0,6,6
25649,CUNDINAMARCA,SAN BERNARDO,0,0,3,3
25653,CUNDINAMARCA,SAN CAYETANO,0,0,0,0
25658,CUNDINAMARCA,SAN FRANCISCO,0,0,6,6
25662,CUNDINAMARCA,SAN JUAN DE RIO SECO,0,0,14,14
25718,CUNDINAMARCA,SASAIMA,0,0,48,48
25736,CUNDINAMARCA,SESQUILE,0,0,0,0
25740,CUNDINAMARCA,SIBATE,0,0,0,0
25743,CUNDINAMARCA,SILVANIA,2,10,0,12
25745,CUNDINAMARCA,SIMIJACA,0,0,0,0
25754,CUNDINAMARCA,SOACHA,0,0,4,4
25758,CUNDINAMARCA,SOPO,0,0,0,0
25769,CUNDINAMARCA,SUBACHOQUE,0,0,0,0
25772,CUNDINAMARCA,SUESCA,0,0,0,0
25777,CUNDINAMARCA,SUPATA,0,0,0,0
25779,CUNDINAMARCA,SUSA,0,0,0,0
25781,CUNDINAMARCA,SUTATAUSA,0,0,0,0
25785,CUNDINAMARCA,TABIO,1,0,1,2
25793,CUNDINAMARCA,TAUSA,0,0,0,0
25797,CUNDINAMARCA,TENA,0,0,39,39
25799,CUNDINAMARCA,TENJO,0,0,0,0
25805,CUNDINAMARCA,TIBACUY,0,0,10,10
25807,CUNDINAMARCA,TIBIRITA,0,0,0,0
25815,CUNDINAMARCA,TOCAIMA,1,97,0,98
25817,CUNDINAMARCA,TOCANCIPA,0,0,0,0
25823,CUNDINAMARCA,TOPAIPI,2,4,0,6
25839,CUNDINAMARCA,UBALA,0,0,1,1
25841,CUNDINAMARCA,UBAQUE,0,0,0,0
25843,CUNDINAMARCA,VILLA DE SAN DIEGO DE UBATE,0,0,3,3
25845,CUNDINAMARCA,UNE,0,0,0,0
25851,CUNDINAMARCA,UTICA,1,16,0,17
25862,CUNDINAMARCA,VERGARA,0,0,2,2
25867,CUNDINAMARCA,VIANI,0,0,1,1
25871,CUNDINAMARCA,VILLAGOMEZ,0,0,2,2
25873,CUNDINAMARCA,VILLAPINZON,0,0,1,1
25875,CUNDINAMARCA,VILLETA,1,104,0,105
25878,CUNDINAMARCA,VIOTA,1,29,0,30
25885,CUNDINAMARCA,YACOPI,0,0,1,1
25898,CUNDINAMARCA,ZIPACON,0,0,0,0
25899,CUNDINAMARCA,ZIPAQUIRA,0,0,2,2
27000,CHOCO,* CHOCO. MUNICIPIO DESCONOCIDO,0,0,4,4
27001,CHOCO,QUIBDO,0,0,4,4
27006,CHOCO,ACANDI,0,0,3,3
27025,CHOCO,ALTO BAUDO,0,0,0,0
27050,CHOCO,ATRATO,0,0,0,0
27073,CHOCO,BAGADO,0,0,0,0
27075,CHOCO,BAHIA SOLANO,0,0,0,0
27077,CHOCO,BAJO BAUDO,0,0,1,1
27086,CHOCO,BELEN DE BAJIRA,0,0,0,0
27099,CHOCO,BOJAYA,0,0,0,0
27135,CHOCO,EL CANTON DEL SAN PABLO,0,0,0,0
27150,CHOCO,CARMEN DEL DARIEN,0,0,0,0
27160,CHOCO,CERTEGUI,0,0,1,1
27205,CHOCO,CONDOTO,0,0,1,1
27245,CHOCO,EL CARMEN DE ATRATO,0,0,0,0
27250,CHOCO,EL LITORAL DEL SAN JUAN,0,0,0,0
27361,CHOCO,ISTMINA,0,0,1,1
27372,CHOCO,JURADO,0,0,0,0
27413,CHOCO,LLORO,1,0,0,1
27425,CHOCO,MEDIO ATRATO,0,0,0,0
27430,CHOCO,MEDIO BAUDO,0,0,0,0
27450,CHOCO,MEDIO SAN JUAN,0,0,0,0
27491,CHOCO,NOVITA,0,0,0,0
27495,CHOCO,NUQUI,0,0,0,0
27580,CHOCO,RIO IRO,0,0,0,0
27600,CHOCO,RIO QUITO,0,0,0,0
27615,CHOCO,RIOSUCIO,0,0,0,0
27660,CHOCO,SAN JOSE DEL PALMAR,0,0,0,0
27745,CHOCO,SIPI,0,0,0,0
27787,CHOCO,TADO,0,0,0,0
27800,CHOCO,UNGUIA,0,0,1,1
27810,CHOCO,UNION PANAMERICANA,0,0,0,0
41000,HUILA,* HUILA. MUNICIPIO DESCONOCIDO,1,0,31,32
41001,HUILA,NEIVA,123,2761,0,2884
41006,HUILA,ACEVEDO,0,0,11,11
41013,HUILA,AGRADO,1,27,0,28
41016,HUILA,AIPE,9,173,0,182
41020,HUILA,ALGECIRAS,3,27,0,30
41026,HUILA,ALTAMIRA,0,0,22,22
41078,HUILA,BARAYA,1,19,0,20
41132,HUILA,CAMPOALEGRE,3,124,0,127
41206,HUILA,COLOMBIA,0,0,14,14
41244,HUILA,ELIAS,0,0,9,9
41298,HUILA,GARZON,2,352,0,354
41306,HUILA,GIGANTE,1,225,0,226
41319,HUILA,GUADALUPE,1,53,0,54
41349,HUILA,HOBO,3,20,0,23
41357,HUILA,IQUIRA,1,21,0,22
41359,HUILA,ISNOS,0,0,1,1
41378,HUILA,LA ARGENTINA,0,0,1,1
41396,HUILA,LA PLATA,1,9,0,10
41483,HUILA,NATAGA,0,0,1,1
41503,HUILA,OPORAPA,0,0,3,3
41518,HUILA,PAICOL,0,0,4,4
41524,HUILA,PALERMO,2,141,0,143
41530,HUILA,PALESTINA,0,0,1,1
41548,HUILA,PITAL,0,0,10,10
41551,HUILA,PITALITO,0,0,60,60
41615,HUILA,RIVERA,2,72,0,74
41660,HUILA,SALADOBLANCO,0,0,0,0
41668,HUILA,SAN AGUSTIN,0,0,3,3
41676,HUILA,SANTA MARIA,0,0,70,70
41770,HUILA,SUAZA,0,0,61,61
41791,HUILA,TARQUI,1,6,0,7
41797,HUILA,TESALIA,0,0,17,17
41799,HUILA,TELLO,1,14,0,15
41801,HUILA,TERUEL,0,0,8,8
41807,HUILA,TIMANA,0,0,68,68
41872,HUILA,VILLAVIEJA,2,9,0,11
41885,HUILA,YAGUARA,2,24,0,26
44000,GUAJIRA,* LA GUAJIRA. MUNICIPIO DESCONOCIDO,0,0,14,14
44001,GUAJIRA,RIOHACHA,5,164,0,169
44035,GUAJIRA,ALBANIA,0,0,45,45
44078,GUAJIRA,BARRANCAS,0,0,36,36
44090,GUAJIRA,DIBULLA,0,0,17,17
44098,GUAJIRA,DISTRACCION,1,13,0,14
44110,GUAJIRA,EL MOLINO,1,4,0,5
44279,GUAJIRA,FONSECA,1,33,0,34
44378,GUAJIRA,HATONUEVO,0,0,7,7
44420,GUAJIRA,LA JAGUA DEL PILAR,0,0,0,0
44430,GUAJIRA,MAICAO,0,0,20,20
44560,GUAJIRA,MANAURE,1,7,0,8
44650,GUAJIRA,SAN JUAN DEL CESAR,5,74,0,79
44847,GUAJIRA,URIBIA,0,0,18,18
44855,GUAJIRA,URUMITA,0,0,1,1
44874,GUAJIRA,VILLANUEVA,0,0,11,11
48001,STA MARTA D.E.,SANTA MARTA,33,1603,0,1636
47000,MAGDALENA,* MAGDALENA. MUNICIPIO DESCONOCIDO,0,0,13,13
47030,MAGDALENA,ALGARROBO,0,0,36,36
47053,MAGDALENA,ARACATACA,0,0,32,32
47058,MAGDALENA,ARIGUANI,0,0,4,4
47161,MAGDALENA,CERRO SAN ANTONIO,0,0,0,0
47170,MAGDALENA,CHIBOLO,0,0,2,2
47189,MAGDALENA,CIENAGA,41,241,0,282
47205,MAGDALENA,CONCORDIA,0,0,2,2
47245,MAGDALENA,EL BANCO,0,0,28,28
47258,MAGDALENA,EL PIÑON,0,0,39,39
47268,MAGDALENA,EL RETEN,0,0,11,11
47288,MAGDALENA,FUNDACION,0,0,90,90
47318,MAGDALENA,GUAMAL,0,0,7,7
47460,MAGDALENA,NUEVA GRANADA,0,0,6,6
47541,MAGDALENA,PEDRAZA,0,0,0,0
47545,MAGDALENA,PIJIÑO DEL CARMEN,0,0,2,2
47551,MAGDALENA,PIVIJAY,0,0,31,31
47555,MAGDALENA,PLATO,0,0,55,55
47570,MAGDALENA,PUEBLOVIEJO,0,0,9,9
47605,MAGDALENA,REMOLINO,0,0,0,0
47660,MAGDALENA,SABANAS DE SAN ANGEL,0,0,41,41
47675,MAGDALENA,SALAMINA,0,0,11,11
47692,MAGDALENA,SAN SEBASTIAN DE BUENAVISTA,0,0,6,6
47703,MAGDALENA,SAN ZENON,0,0,19,19
47707,MAGDALENA,SANTA ANA,0,0,2,2
47720,MAGDALENA,SANTA BARBARA DE PINTO,0,0,13,13
47745,MAGDALENA,SITIONUEVO,0,0,24,24
47798,MAGDALENA,TENERIFE,0,0,43,43
47960,MAGDALENA,ZAPAYAN,0,0,41,41
47980,MAGDALENA,ZONA BANANERA,0,0,36,36
50000,META,* META. MUNICIPIO DESCONOCIDO,1,0,8,9
50001,META,VILLAVICENCIO,6,247,0,253
50006,META,ACACIAS,1,152,0,153
50110,META,BARRANCA DE UPIA,0,0,2,2
50124,META,CABUYARO,0,0,4,4
50150,META,CASTILLA LA NUEVA,0,0,5,5
50223,META,CUBARRAL,0,0,1,1
50226,META,CUMARAL,0,0,3,3
50245,META,EL CALVARIO,0,0,0,0
50251,META,EL CASTILLO,0,0,2,2
50270,META,EL DORADO,0,0,1,1
50287,META,FUENTE DE ORO,0,0,12,12
50313,META,GRANADA,0,0,78,78
50318,META,GUAMAL,1,24,0,25
50325,META,MAPIRIPAN,0,0,3,3
50330,META,MESETAS,0,0,1,1
50350,META,LA MACARENA,0,0,2,2
50370,META,URIBE,0,0,0,0
50400,META,LEJANIAS,0,0,0,0
50450,META,PUERTO CONCORDIA,0,0,0,0
50568,META,PUERTO GAITAN,1,2,0,3
50573,META,PUERTO LOPEZ,0,0,12,12
50577,META,PUERTO LLERAS,0,0,5,5
50590,META,PUERTO RICO,0,0,19,19
50606,META,RESTREPO,0,0,4,4
50680,META,SAN CARLOS DE GUAROA,0,0,17,17
50683,META,SAN JUAN DE ARAMA,0,0,3,3
50686,META,SAN JUANITO,0,0,0,0
50689,META,SAN MARTIN,1,26,0,27
50711,META,VISTAHERMOSA,0,0,2,2
52000,NARIÑO,* NARIÑO. MUNICIPIO DESCONOCIDO,0,0,0,0
52001,NARIÑO,PASTO,1,0,2,3
52019,NARIÑO,ALBAN,0,0,0,0
52022,NARIÑO,ALDANA,0,0,0,0
52036,NARIÑO,ANCUYA,0,0,0,0
52051,NARIÑO,ARBOLEDA,0,0,0,0
52079,NARIÑO,BARBACOAS,1,0,0,1
52083,NARIÑO,BELEN,0,0,0,0
52110,NARIÑO,BUESACO,0,0,1,1
52203,NARIÑO,COLON,0,0,0,0
52207,NARIÑO,CONSACA,0,0,0,0
52210,NARIÑO,CONTADERO,0,0,0,0
52215,NARIÑO,CORDOBA,0,0,0,0
52224,NARIÑO,CUASPUD,0,0,0,0
52227,NARIÑO,CUMBAL,0,0,0,0
52233,NARIÑO,CUMBITARA,0,0,0,0
52240,NARIÑO,CHACHAGUI,0,0,0,0
52250,NARIÑO,EL CHARCO,0,0,0,0
52254,NARIÑO,EL PEÑOL,0,0,0,0
52256,NARIÑO,EL ROSARIO,0,0,0,0
52258,NARIÑO,EL TABLON DE GOMEZ,0,0,0,0
52260,NARIÑO,EL TAMBO,0,0,0,0
52287,NARIÑO,FUNES,0,0,0,0
52317,NARIÑO,GUACHUCAL,0,0,0,0
52320,NARIÑO,GUAITARILLA,0,0,0,0
52323,NARIÑO,GUALMATAN,0,0,0,0
52352,NARIÑO,ILES,0,0,0,0
52354,NARIÑO,IMUES,0,0,0,0
52356,NARIÑO,IPIALES,1,0,1,2
52378,NARIÑO,LA CRUZ,0,0,0,0
52381,NARIÑO,LA FLORIDA,0,0,0,0
52385,NARIÑO,LA LLANADA,0,0,0,0
52390,NARIÑO,LA TOLA,0,0,0,0
52399,NARIÑO,LA UNION,0,0,0,0
52405,NARIÑO,LEIVA,0,0,0,0
52411,NARIÑO,LINARES,0,0,0,0
52418,NARIÑO,LOS ANDES,0,0,0,0
52427,NARIÑO,MAGSI,0,0,0,0
52435,NARIÑO,MALLAMA,0,0,0,0
52473,NARIÑO,MOSQUERA,0,0,0,0
52480,NARIÑO,NARIÑO,0,0,2,2
52490,NARIÑO,OLAYA HERRERA,0,0,0,0
52506,NARIÑO,OSPINA,0,0,0,0
52520,NARIÑO,FRANCISCO PIZARRO,0,0,1,1
52540,NARIÑO,POLICARPA,0,0,0,0
52560,NARIÑO,POTOSI,0,0,0,0
52565,NARIÑO,PROVIDENCIA,0,0,1,1
52573,NARIÑO,PUERRES,0,0,0,0
52585,NARIÑO,PUPIALES,0,0,0,0
52612,NARIÑO,RICAURTE,0,0,0,0
52621,NARIÑO,ROBERTO PAYAN,0,0,0,0
52678,NARIÑO,SAMANIEGO,0,0,0,0
52683,NARIÑO,SANDONA,0,0,1,1
52685,NARIÑO,SAN BERNARDO,0,0,0,0
52687,NARIÑO,SAN LORENZO,0,0,0,0
52693,NARIÑO,SAN PABLO,0,0,0,0
52694,NARIÑO,SAN PEDRO DE CARTAGO,0,0,0,0
52696,NARIÑO,SANTA BARBARA,1,0,0,1
52699,NARIÑO,SANTACRUZ,0,0,0,0
52720,NARIÑO,SAPUYES,0,0,0,0
52786,NARIÑO,TAMINANGO,5,0,0,5
52788,NARIÑO,TANGUA,0,0,0,0
52835,NARIÑO,SAN ANDRES DE TUMACO,2,2,0,4
52838,NARIÑO,TUQUERRES,0,0,0,0
52885,NARIÑO,YACUANQUER,0,0,1,1
54000,NORTE SANTANDER,* N. DE SANTANDER. MUNICIPIO DESCONOCIDO,1,0,13,14
54001,NORTE SANTANDER,CUCUTA,342,4784,0,5126
54003,NORTE SANTANDER,ABREGO,0,0,10,10
54051,NORTE SANTANDER,ARBOLEDAS,0,0,39,39
54099,NORTE SANTANDER,BOCHALEMA,0,0,46,46
54109,NORTE SANTANDER,BUCARASICA,0,0,2,2
54125,NORTE SANTANDER,CACOTA,0,0,0,0
54128,NORTE SANTANDER,CACHIRA,0,0,2,2
54172,NORTE SANTANDER,CHINACOTA,0,0,50,50
54174,NORTE SANTANDER,CHITAGA,0,0,1,1
54206,NORTE SANTANDER,CONVENCION,0,0,1,1
54223,NORTE SANTANDER,CUCUTILLA,0,0,11,11
54239,NORTE SANTANDER,DURANIA,1,45,0,46
54245,NORTE SANTANDER,EL CARMEN,0,0,6,6
54250,NORTE SANTANDER,EL TARRA,0,0,26,26
54261,NORTE SANTANDER,EL ZULIA,50,151,0,201
54313,NORTE SANTANDER,GRAMALOTE,0,0,16,16
54344,NORTE SANTANDER,HACARI,0,0,1,1
54347,NORTE SANTANDER,HERRAN,0,0,0,0
54377,NORTE SANTANDER,LABATECA,2,17,0,19
54385,NORTE SANTANDER,LA ESPERANZA,0,0,7,7
54398,NORTE SANTANDER,LA PLAYA,0,0,7,7
54405,NORTE SANTANDER,LOS PATIOS,15,716,0,731
54418,NORTE SANTANDER,LOURDES,0,0,2,2
54480,NORTE SANTANDER,MUTISCUA,0,0,0,0
54498,NORTE SANTANDER,OCAÑA,2,69,0,71
54518,NORTE SANTANDER,PAMPLONA,1,0,2,3
54520,NORTE SANTANDER,PAMPLONITA,0,0,3,3
54553,NORTE SANTANDER,PUERTO SANTANDER,19,22,0,41
54599,NORTE SANTANDER,RAGONVALIA,1,5,0,6
54660,NORTE SANTANDER,SALAZAR,0,0,53,53
54670,NORTE SANTANDER,SAN CALIXTO,0,0,1,1
54673,NORTE SANTANDER,SAN CAYETANO,1,32,0,33
54680,NORTE SANTANDER,SANTIAGO,0,0,109,109
54720,NORTE SANTANDER,SARDINATA,3,129,0,132
54743,NORTE SANTANDER,SILOS,0,0,0,0
54800,NORTE SANTANDER,TEORAMA,0,0,4,4
54810,NORTE SANTANDER,TIBU,2,146,0,148
54820,NORTE SANTANDER,TOLEDO,0,0,6,6
54871,NORTE SANTANDER,VILLA CARO,0,0,2,2
54874,NORTE SANTANDER,VILLA DEL ROSARIO,15,581,0,596
63000,QUINDIO,* QUINDIO. MUNICIPIO DESCONOCIDO,0,0,5,5
63001,QUINDIO,ARMENIA,0,0,27,27
63111,QUINDIO,BUENAVISTA,0,0,0,0
63130,QUINDIO,CALARCA,0,0,0,0
63190,QUINDIO,CIRCASIA,0,0,4,4
63212,QUINDIO,CORDOBA,0,0,1,1
63272,QUINDIO,FILANDIA,0,0,2,2
63302,QUINDIO,GENOVA,0,0,0,0
63401,QUINDIO,LA TEBAIDA,0,0,9,9
63470,QUINDIO,MONTENEGRO,0,0,14,14
63548,QUINDIO,PIJAO,0,0,0,0
63594,QUINDIO,QUIMBAYA,0,0,9,9
63690,QUINDIO,SALENTO,0,0,0,0
66000,RISARALDA,* RISARALDA. MUNICIPIO DESCONOCIDO,0,0,0,0
66001,RISARALDA,PEREIRA,13,81,0,94
66045,RISARALDA,APIA,0,0,0,0
66075,RISARALDA,BALBOA,1,1,0,2
66088,RISARALDA,BELEN DE UMBRIA,2,2,0,4
66170,RISARALDA,DOSQUEBRADAS,5,15,0,20
66318,RISARALDA,GUATICA,0,0,0,0
66383,RISARALDA,LA CELIA,5,2,0,7
66400,RISARALDA,LA VIRGINIA,4,223,0,227
66440,RISARALDA,MARSELLA,0,0,5,5
66456,RISARALDA,MISTRATO,1,0,0,1
66572,RISARALDA,PUEBLO RICO,1,0,0,1
66594,RISARALDA,QUINCHIA,0,0,1,1
66682,RISARALDA,SANTA ROSA DE CABAL,1,0,0,1
66687,RISARALDA,SANTUARIO,0,0,3,3
68000,SANTANDER,* SANTANDER. MUNICIPIO DESCONOCIDO,0,0,2,2
68001,SANTANDER,BUCARAMANGA,10,296,0,306
68013,SANTANDER,AGUADA,0,0,0,0
68020,SANTANDER,ALBANIA,0,0,0,0
68051,SANTANDER,ARATOCA,0,0,0,0
68077,SANTANDER,BARBOSA,2,2,0,4
68079,SANTANDER,BARICHARA,0,0,4,4
68081,SANTANDER,BARRANCABERMEJA,1,219,0,220
68092,SANTANDER,BETULIA,0,0,0,0
68101,SANTANDER,BOLIVAR,0,0,0,0
68121,SANTANDER,CABRERA,0,0,0,0
68132,SANTANDER,CALIFORNIA,0,0,0,0
68147,SANTANDER,CAPITANEJO,0,0,79,79
68152,SANTANDER,CARCASI,0,0,0,0
68160,SANTANDER,CEPITA,0,0,0,0
68162,SANTANDER,CERRITO,0,0,0,0
68167,SANTANDER,CHARALA,0,0,1,1
68169,SANTANDER,CHARTA,0,0,0,0
68176,SANTANDER,CHIMA,0,0,0,0
68179,SANTANDER,CHIPATA,0,0,0,0
68190,SANTANDER,CIMITARRA,0,0,10,10
68207,SANTANDER,CONCEPCION,0,0,1,1
68209,SANTANDER,CONFINES,0,0,0,0
68211,SANTANDER,CONTRATACION,0,0,0,0
68217,SANTANDER,COROMORO,0,0,0,0
68229,SANTANDER,CURITI,0,0,1,1
68235,SANTANDER,EL CARMEN DE CHUCURI,0,0,0,0
68245,SANTANDER,EL GUACAMAYO,0,0,0,0
68250,SANTANDER,EL PEÑON,0,0,0,0
68255,SANTANDER,EL PLAYON,0,0,14,14
68264,SANTANDER,ENCINO,0,0,0,0
68266,SANTANDER,ENCISO,0,0,0,0
68271,SANTANDER,FLORIAN,0,0,0,0
68276,SANTANDER,FLORIDABLANCA,2,89,0,91
68296,SANTANDER,GALAN,0,0,0,0
68298,SANTANDER,GAMBITA,0,0,0,0
68307,SANTANDER,GIRON,0,0,69,69
68318,SANTANDER,GUACA,0,0,0,0
68320,SANTANDER,GUADALUPE,0,0,3,3
68322,SANTANDER,GUAPOTA,0,0,0,0
68324,SANTANDER,GUAVATA,0,0,0,0
68327,SANTANDER,GSEPSA,0,0,1,1
68344,SANTANDER,HATO,0,0,0,0
68368,SANTANDER,JESUS MARIA,0,0,1,1
68370,SANTANDER,JORDAN,0,0,0,0
68377,SANTANDER,LA BELLEZA,0,0,1,1
68385,SANTANDER,LANDAZURI,0,0,0,0
68397,SANTANDER,LA PAZ,0,0,0,0
68406,SANTANDER,LEBRIJA,5,20,0,25
68418,SANTANDER,LOS SANTOS,0,0,2,2
68425,SANTANDER,MACARAVITA,0,0,0,0
68432,SANTANDER,MALAGA,0,0,1,1
68444,SANTANDER,MATANZA,0,0,1,1
68464,SANTANDER,MOGOTES,0,0,0,0
68468,SANTANDER,MOLAGAVITA,0,0,0,0
68498,SANTANDER,OCAMONTE,0,0,0,0
68500,SANTANDER,OIBA,0,0,1,1
68502,SANTANDER,ONZAGA,0,0,0,0
68522,SANTANDER,PALMAR,0,0,1,1
68524,SANTANDER,PALMAS DEL SOCORRO,0,0,0,0
68533,SANTANDER,PARAMO,0,0,2,2
68547,SANTANDER,PIEDECUESTA,1,29,0,30
68549,SANTANDER,PINCHOTE,0,0,0,0
68572,SANTANDER,PUENTE NACIONAL,0,0,1,1
68573,SANTANDER,PUERTO PARRA,0,0,0,0
68575,SANTANDER,PUERTO WILCHES,0,0,11,11
68615,SANTANDER,RIONEGRO,0,0,11,11
68655,SANTANDER,SABANA DE TORRES,0,0,66,66
68669,SANTANDER,SAN ANDRES,0,0,26,26
68673,SANTANDER,SAN BENITO,0,0,0,0
68679,SANTANDER,SAN GIL,0,0,5,5
68682,SANTANDER,SAN JOAQUIN,0,0,2,2
68684,SANTANDER,SAN JOSE DE MIRANDA,0,0,0,0
68686,SANTANDER,SAN MIGUEL,0,0,2,2
68689,SANTANDER,SAN VICENTE DE CHUCURI,1,4,0,5
68705,SANTANDER,SANTA BARBARA,0,0,0,0
68720,SANTANDER,SANTA HELENA DEL OPON,0,0,0,0
68745,SANTANDER,SIMACOTA,0,0,2,2
68755,SANTANDER,SOCORRO,0,0,12,12
68770,SANTANDER,SUAITA,0,0,1,1
68773,SANTANDER,SUCRE,0,0,0,0
68780,SANTANDER,SURATA,0,0,0,0
68820,SANTANDER,TONA,0,0,0,0
68855,SANTANDER,VALLE DE SAN JOSE,0,0,1,1
68861,SANTANDER,VELEZ,0,0,2,2
68867,SANTANDER,VETAS,0,0,0,0
68872,SANTANDER,VILLANUEVA,0,0,0,0
68895,SANTANDER,ZAPATOCA,0,0,2,2
70000,SUCRE,* SUCRE. MUNICIPIO DESCONOCIDO,0,0,6,6
70001,SUCRE,SINCELEJO,35,702,0,737
70110,SUCRE,BUENAVISTA,0,0,39,39
70124,SUCRE,CAIMITO,0,0,0,0
70204,SUCRE,COLOSO,0,0,13,13
70215,SUCRE,COROZAL,4,120,0,124
70221,SUCRE,COVEÑAS,1,24,0,25
70230,SUCRE,CHALAN,0,0,5,5
70233,SUCRE,EL ROBLE,0,0,5,5
70235,SUCRE,GALERAS,0,0,1,1
70265,SUCRE,GUARANDA,0,0,3,3
70400,SUCRE,LA UNION,0,0,21,21
70418,SUCRE,LOS PALMITOS,0,0,1,1
70429,SUCRE,MAJAGUAL,0,0,9,9
70473,SUCRE,MORROA,1,35,0,36
70508,SUCRE,OVEJAS,0,0,6,6
70523,SUCRE,PALMITO,0,0,6,6
70670,SUCRE,SAMPUES,2,27,0,29
70678,SUCRE,SAN BENITO ABAD,0,0,2,2
70702,SUCRE,SAN JUAN DE BETULIA,0,0,28,28
70708,SUCRE,SAN MARCOS,2,64,0,66
70713,SUCRE,SAN ONOFRE,0,0,11,11
70717,SUCRE,SAN PEDRO,0,0,8,8
70742,SUCRE,SAN LUIS DE SINCE,0,0,10,10
70771,SUCRE,SUCRE,0,0,22,22
70820,SUCRE,TOLU,0,0,96,96
70823,SUCRE,TOLUVIEJO,0,0,42,42
73000,TOLIMA,* TOLIMA. MUNICIPIO DESCONOCIDO,0,0,84,84
73001,TOLIMA,IBAGUE,20,1662,0,1682
73024,TOLIMA,ALPUJARRA,2,11,0,13
73026,TOLIMA,ALVARADO,0,0,37,37
73030,TOLIMA,AMBALEMA,0,0,6,6
73043,TOLIMA,ANZOATEGUI,0,0,1,1
73055,TOLIMA,ARMERO (GUAYABAL),0,0,7,7
73067,TOLIMA,ATACO,0,0,19,19
73124,TOLIMA,CAJAMARCA,0,0,5,5
73148,TOLIMA,CARMEN DE APICALA,1,94,0,95
73152,TOLIMA,CASABIANCA,0,0,0,0
73168,TOLIMA,CHAPARRAL,2,161,0,163
73200,TOLIMA,COELLO,0,0,17,17
73217,TOLIMA,COYAIMA,0,0,46,46
73226,TOLIMA,CUNDAY,0,0,6,6
73236,TOLIMA,DOLORES,0,0,50,50
73268,TOLIMA,ESPINAL,21,316,0,337
73270,TOLIMA,FALAN,0,0,13,13
73275,TOLIMA,FLANDES,18,201,0,219
73283,TOLIMA,FRESNO,0,0,5,5
73319,TOLIMA,GUAMO,2,69,0,71
73347,TOLIMA,HERVEO,0,0,0,0
73349,TOLIMA,HONDA,0,0,18,18
73352,TOLIMA,ICONONZO,0,0,45,45
73408,TOLIMA,LERIDA,2,35,0,37
73411,TOLIMA,LIBANO,0,0,15,15
73443,TOLIMA,MARIQUITA,4,47,0,51
73449,TOLIMA,MELGAR,6,230,0,236
73461,TOLIMA,MURILLO,0,0,0,0
73483,TOLIMA,NATAGAIMA,1,46,0,47
73504,TOLIMA,ORTEGA,1,15,0,16
73520,TOLIMA,PALOCABILDO,0,0,1,1
73547,TOLIMA,PIEDRAS,10,33,0,43
73555,TOLIMA,PLANADAS,1,1,0,2
73563,TOLIMA,PRADO,1,15,0,16
73585,TOLIMA,PURIFICACION,3,126,0,129
73616,TOLIMA,RIOBLANCO,0,0,1,1
73622,TOLIMA,RONCESVALLES,0,0,0,0
73624,TOLIMA,ROVIRA,0,0,33,33
73671,TOLIMA,SALDAÑA,1,19,0,20
73675,TOLIMA,SAN ANTONIO,0,0,13,13
73678,TOLIMA,SAN LUIS,1,12,0,13
73686,TOLIMA,SANTA ISABEL,0,0,0,0
73770,TOLIMA,SUAREZ,1,6,0,7
73854,TOLIMA,VALLE DE SAN JUAN,1,5,0,6
73861,TOLIMA,VENADILLO,1,6,0,7
73870,TOLIMA,VILLAHERMOSA,0,0,2,2
73873,TOLIMA,VILLARRICA,0,0,1,1
76000,VALLE DEL CAUCA,* VALLE DEL CAUCA. MUNICIPIO DESCONOCIDO,0,0,1,1
76001,VALLE DEL CAUCA,CALI,10,901,0,911
76020,VALLE DEL CAUCA,ALCALA,0,0,11,11
76036,VALLE DEL CAUCA,ANDALUCIA,0,0,24,24
76041,VALLE DEL CAUCA,ANSERMANUEVO,0,0,33,33
76054,VALLE DEL CAUCA,ARGELIA,0,0,0,0
76100,VALLE DEL CAUCA,BOLIVAR,0,0,8,8
76111,VALLE DEL CAUCA,GUADALAJARA DE BUGA,0,0,175,175
76113,VALLE DEL CAUCA,BUGALAGRANDE,1,9,0,10
76122,VALLE DEL CAUCA,CAICEDONIA,0,0,6,6
76126,VALLE DEL CAUCA,CALIMA,0,0,3,3
76130,VALLE DEL CAUCA,CANDELARIA,0,0,23,23
76147,VALLE DEL CAUCA,CARTAGO,2,168,0,170
76233,VALLE DEL CAUCA,DAGUA,0,0,1,1
76243,VALLE DEL CAUCA,EL AGUILA,0,0,2,2
76246,VALLE DEL CAUCA,EL CAIRO,0,0,0,0
76248,VALLE DEL CAUCA,EL CERRITO,0,0,13,13
76250,VALLE DEL CAUCA,EL DOVIO,0,0,0,0
76275,VALLE DEL CAUCA,FLORIDA,0,0,15,15
76306,VALLE DEL CAUCA,GINEBRA,0,0,3,3
76318,VALLE DEL CAUCA,GUACARI,0,0,3,3
76364,VALLE DEL CAUCA,JAMUNDI,0,0,11,11
76377,VALLE DEL CAUCA,LA CUMBRE,0,0,0,0
76400,VALLE DEL CAUCA,LA UNION,0,0,12,12
76403,VALLE DEL CAUCA,LA VICTORIA,0,0,0,0
76497,VALLE DEL CAUCA,OBANDO,0,0,0,0
76520,VALLE DEL CAUCA,PALMIRA,2,259,0,261
76563,VALLE DEL CAUCA,PRADERA,0,0,13,13
76606,VALLE DEL CAUCA,RESTREPO,0,0,3,3
76616,VALLE DEL CAUCA,RIOFRIO,0,0,3,3
76622,VALLE DEL CAUCA,ROLDANILLO,1,172,0,173
76670,VALLE DEL CAUCA,SAN PEDRO,0,0,1,1
76736,VALLE DEL CAUCA,SEVILLA,0,0,3,3
76823,VALLE DEL CAUCA,TORO,0,0,41,41
76828,VALLE DEL CAUCA,TRUJILLO,0,0,2,2
76834,VALLE DEL CAUCA,TULUA,1,177,0,178
76845,VALLE DEL CAUCA,ULLOA,0,0,1,1
76863,VALLE DEL CAUCA,VERSALLES,0,0,8,8
76869,VALLE DEL CAUCA,VIJES,1,28,0,29
76890,VALLE DEL CAUCA,YOTOCO,0,0,9,9
76892,VALLE DEL CAUCA,YUMBO,0,0,355,355
76895,VALLE DEL CAUCA,ZARZAL,0,0,358,358
76109,VALLE DEL CAUCA,BUENAVENTURA,1,45,0,46
81000,ARAUCA,* ARAUCA. MUNICIPIO DESCONOCIDO,0,0,1,1
81001,ARAUCA,ARAUCA,6,81,0,87
81065,ARAUCA,ARAUQUITA,1,33,0,34
81220,ARAUCA,CRAVO NORTE,0,0,0,0
81300,ARAUCA,FORTUL,0,0,17,17
81591,ARAUCA,PUERTO RONDON,0,0,0,0
81736,ARAUCA,SARAVENA,1,54,0,55
81794,ARAUCA,TAME,2,7,0,9
85000,CASANARE,* CASANARE. MUNICIPIO DESCONOCIDO,0,0,7,7
85001,CASANARE,YOPAL,4,213,0,217
85010,CASANARE,AGUAZUL,2,48,0,50
85015,CASANARE,CHAMEZA,1,2,0,3
85125,CASANARE,HATO COROZAL,0,0,2,2
85136,CASANARE,LA SALINA,0,0,0,0
85139,CASANARE,MANI,0,0,3,3
85162,CASANARE,MONTERREY,1,60,0,61
85225,CASANARE,NUNCHIA,0,0,3,3
85230,CASANARE,OROCUE,2,9,0,11
85250,CASANARE,PAZ DE ARIPORO,0,0,6,6
85263,CASANARE,PORE,0,0,2,2
85279,CASANARE,RECETOR,0,0,0,0
85300,CASANARE,SABANALARGA,0,0,0,0
85315,CASANARE,SACAMA,0,0,0,0
85325,CASANARE,SAN LUIS DE PALENQUE,1,2,0,3
85400,CASANARE,TAMARA,0,0,0,0
85410,CASANARE,TAURAMENA,3,47,0,50
85430,CASANARE,TRINIDAD,0,0,3,3
85440,CASANARE,VILLANUEVA,0,0,33,33
86000,PUTUMAYO,* PUTUMAYO. MUNICIPIO DESCONOCIDO,0,0,6,6
86001,PUTUMAYO,MOCOA,10,17,0,27
86219,PUTUMAYO,COLON,0,0,0,0
86320,PUTUMAYO,ORITO,1,10,0,11
86568,PUTUMAYO,PUERTO ASIS,13,57,0,70
86569,PUTUMAYO,PUERTO CAICEDO,1,2,0,3
86571,PUTUMAYO,PUERTO GUZMAN,2,29,0,31
86573,PUTUMAYO,LEGUIZAMO,0,0,11,11
86749,PUTUMAYO,SIBUNDOY,0,0,0,0
86755,PUTUMAYO,SAN FRANCISCO,0,0,0,0
86757,PUTUMAYO,SAN MIGUEL,3,6,0,9
86760,PUTUMAYO,SANTIAGO,0,0,0,0
86865,PUTUMAYO,VALLE DEL GUAMUEZ,0,0,7,7
86885,PUTUMAYO,VILLAGARZON,1,4,0,5
88000,SAN ANDRES,* SAN ANDRES. MUNICIPIO DESCONOCIDO,0,0,4,4
88001,SAN ANDRES,SAN ANDRES,52,951,0,1003
88564,SAN ANDRES,PROVIDENCIA,2,17,0,19
91000,AMAZONAS,* AMAZONAS. MUNICIPIO DESCONOCIDO,0,0,16,16
91001,AMAZONAS,LETICIA,4,66,0,70
91263,AMAZONAS,EL ENCANTO,0,0,0,0
91405,AMAZONAS,LA CHORRERA,0,0,0,0
91407,AMAZONAS,LA PEDRERA,0,0,0,0
91430,AMAZONAS,LA VICTORIA,0,0,0,0
91460,AMAZONAS,MIRITI - PARANA,0,0,0,0
91530,AMAZONAS,PUERTO ALEGRIA,0,0,0,0
91536,AMAZONAS,PUERTO ARICA,0,0,0,0
91540,AMAZONAS,PUERTO NARIÑO,0,0,0,0
91669,AMAZONAS,PUERTO SANTANDER,0,0,0,0
91798,AMAZONAS,TARAPACA,0,0,0,0
94000,GUAINIA,* GUAINIA. MUNICIPIO DESCONOCIDO,0,0,0,0
94001,GUAINIA,INIRIDA,0,0,3,3
94343,GUAINIA,BARRANCO MINAS,0,0,0,0
94663,GUAINIA,MAPIRIPANA,0,0,0,0
94883,GUAINIA,SAN FELIPE,0,0,0,0
94884,GUAINIA,PUERTO COLOMBIA,0,0,0,0
94885,GUAINIA,LA GUADALUPE,0,0,0,0
94886,GUAINIA,CACAHUAL,0,0,0,0
94887,GUAINIA,PANA PANA,0,0,0,0
94888,GUAINIA,MORICHAL,0,0,0,0
95000,GUAVIARE,* GUAVIARE. MUNICIPIO DESCONOCIDO,0,0,0,0
95001,GUAVIARE,SAN JOSE DEL GUAVIARE,0,0,7,7
95015,GUAVIARE,CALAMAR,0,0,0,0
95025,GUAVIARE,EL RETORNO,1,4,0,5
95200,GUAVIARE,MIRAFLORES,0,0,0,0
97000,VAUPES,* VAUPES. MUNICIPIO DESCONOCIDO,0,0,0,0
97001,VAUPES,MITU,0,0,3,3
97161,VAUPES,CARURU,0,0,0,0
97511,VAUPES,PACOA,0,0,0,0
97666,VAUPES,TARAIRA,0,0,0,0
97777,VAUPES,PAPUNAUA,0,0,0,0
97889,VAUPES,YAVARATE,0,0,0,0
99000,VICHADA,* VICHADA. MUNICIPIO DESCONOCIDO,0,0,0,0
99001,VICHADA,PUERTO CARREÑO,0,0,2,2
99524,VICHADA,LA PRIMAVERA,2,3,0,5
99624,VICHADA,SANTA ROSALIA,0,0,0,0
99773,VICHADA,CUMARIBO,0,0,4,4
